spu_code	status
PTO_02VG	4
TOA212282BQU	4
NULL	NULL
PTO_01O8	4
PTO_00EI	4
EL61310947Z3	4
EL6136GBG4ZN	4
POU_019H	4
PTO_03X2	4
TO212245F55Y	4
NULL	NULL
PEL_04X0	4
PHO_05GH	4
PTO_018H	4
NULL	NULL
PEL_00RU	2
PEL_01F6	2
NULL	NULL
PEL_06AJ	4
NULL	NULL
HO10701SGY09	4
PTO_046P	4
PEL_05XD	4
PEL_06A4	2
A03UBIF3702C	4
PTO_02ME	4
NULL	NULL
PTO_03IT	2
PTO_03KA	4
PHO_0058	4
PTO_01Z1	4
NULL	NULL
PTO_045S	4
PTO_03Z9	4
NULL	NULL
PEL_00J7	4
PTO_01D1	4
PTO_0197	2
PTO_016O	4
PTO_037A	4
PTO_03L5	4
PEL_06BM	4
PHO_01QF	4
PEL_06EJ	4
PEL_05AN	4
PTO_04XB	4
PHO_06SZ	4
NULL	NULL
PBY_00D1	4
PEL_06KN	4
PEL_03XI	4
PEL_03BF	2
PHO_03OB	4
PEL_01BL	4
PEL_01DI	4
PHO_051C	4
NULL	NULL
TO2122P3XFYB	4
NULL	NULL
NULL	NULL
POU_00LP	4
PEL_06HU	4
PHO_03DS	2
NULL	NULL
NULL	NULL
PAU_02ND	2
PUSHTYN8CIXW	2
NULL	NULL
PHO_05RQ	4
PAU_0063	4
PTO_01F7	4
HOA107015SC0	4
PAU_054Q	4
PHO_096B	4
POU_07DB	4
POU_02ML	4
NULL	NULL
HOA10700S4L0	2
PH1070642AT8	4
PEL_0083	2
PTO_02AU	4
PEL_03AQ	2
PHO_00IT	2
PTO_02EM	4
PEL_03ZA	2
PEL_00Z2	2
PTO_004N	4
PH2122JKG48A	2
PTO_015S	4
PEL_05CD	2
PTO_033U	4
PEL_01XV	2
PEL_02SB	4
PHO_06TJ	4
PEL_03EC	2
PTO_00Y1	2
TO2122AJUH66	2
PTO_00H9	4
PEL_06ZZ	2
L00BGFGYXB40	2
PEL_00MX	2
PBY_0EIT	2
PHO_02N9	2
PHO_042O	2
PHO_06P3	2
OUNCAT27F987	2
PHO_01HT	4
PEL_0757	2
PHO_07XH	2
PEL_02JX	2
PEL_08EL	2
PBE_03DN	2
PHO_0GDD	2
PTO_0D72	4
PEL_0886	2
PHO_03WJ	2
PAU_03Y1	2
PHO_0I0I	2
PTO_0CL6	2
PEL_067P	2
PEL_0EVG	2
PBE_01YO	2
PEL_09GN	2
PEL_085E	4
PHO_06S8	4
PEL_082R	2
PEL_0CFH	2
PEL_0FIX	2
PEL_0988	2
PEL_05CH	2
PHO_03E3	2
PEL_013B	2
PEL_09BP	2
PUSHY4TUCRT0	2
TO2122RSS63Q	4
EL6136LK6QYV	4
TO2122R1NXMJ	2
PUSH9G363DD6	2
EL61364P99YA	2
PH10704WKVTC	2
PH4534MHIX65	4
PH2122O5NLR7	4
TO2122L79004	2
PTO_00BU	2
POU_001P	2
PHO_008E	2
EL6136AR2LZ4	2
PH2122413K11	2
POU_003W	4
PTO_00DW	2
POU_007B	2
POU_007C	2
PHO_00NT	2
PEL_00AZ	2
PTO_00MY	2
PTO_00LW	2
PHO_00P0	2
PEL_008O	2
POU_00BH	2
PHO_00V5	2
PTO_00QO	2
POU_00IH	2
POU_00MI	4
POU_016B	2
PHO_01JM	2
PHO_01JA	4
POU_00RK	2
POU_00NT	2
POU_019I	2
PEL_00NN	2
POU_01I3	2
PEL_00P2	4
PEL_00Q1	2
PEL_00U5	2
PEL_00TO	2
PEL_00TI	4
PEL_00Q2	2
PHO_09UK	2
PHO_09PV	2
PEL_05XF	4
PEL_05US	2
PTO_056L	2
PEL_04VN	2
PEL_04VM	4
PEL_04ZR	2
PEL_05G0	2
PBY_0AL0	2
PEL_04SO	2
PEL_04HD	2
PEL_04CL	2
PEL_049D	2
PEL_049F	2
PEL_03TG	2
PEL_040Z	2
PEL_042D	2
PEL_044B	2
PTO_0498	2
POU_02X3	2
PEL_03J8	2
POU_02QS	2
PEL_035C	2
PEL_0320	2
PEL_02R3	2
PTO_03DA	2
PEL_02ZZ	2
PEL_031X	2
PEL_031Z	2
PEL_02A8	2
PHO_05RM	2
PEL_023E	2
PEL_022Y	2
PHO_05MN	2
PEL_01GP	2
PEL_01H3	2
PEL_01HK	2
PHO_05C4	4
PTO_02X4	4
PHO_04R6	2
PEL_011A	2
PTO_02FH	2
PTO_02CB	2
PEL_00YH	2
PEL_00UN	2
PEL_00US	2
PHO_03RA	2
PTO_026A	2
PTO_02AW	2
PHO_06PW	2
PEL_038P	2
PTO_03L1	4
PTO_03DK	2
PEL_02RZ	4
PBY_07J6	2
PEL_023W	2
PEL_02AB	2
PHO_066S	4
PTO_033B	2
PTO_031Z	2
PTO_02SC	2
PHO_04VT	2
PEL_01AV	2
PTO_02HH	2
PTO_02KZ	2
PTO_02MD	4
PTO_02MQ	2
PTO_02MG	2
PBY_04FF	2
PEL_00R7	2
PTO_01O2	2
PHO_02UK	2
PTO_01KL	2
PTO_00WS	2
PTO_017F	2
PTO_019U	2
PHO_02EC	2
PTO_01FU	2
PTO_00MK	4
PEL_009U	2
PTO_00L9	2
PEL_006V	2
PEL_0049	2
PH1070EQ4ELM	2
HO10703634IJ	2
PTO_004M	2
PTO_008T	2
PTO_00C3	2
PH2122X2602V	4
TO2122E28885	2
PH21222117VP	2
PH21226684SF	2
EL6136R40H13	2
PEL_06VF	2
PTO_06WG	4
TO21229JXIUG	2
TO212276G79U	4
PTO_00Z2	2
PTO_0125	2
PTO_02YJ	2
PTO_033V	2
PEL_02KG	2
PTO_00RT	2
PTO_0005	2
PH21224R0109	4
PTO_071H	2
PTO_071G	2
PTO_05WR	2
PTO_06AM	2
PBY_0DFA	2
PTO_06Y0	2
PEL_089F	4
PEL_06YT	4
PTO_05QE	2
PBY_0BTQ	2
PBY_0BBK	2
PBY_0B27	2
PBY_0ALG	2
PEL_05VH	2
PEL_05WE	2
PBY_0AYS	2
PBY_0AZ6	2
PTO_051R	2
PBY_0A8E	2
PBY_0A66	2
PBY_0A5H	2
PEL_04SJ	2
PEL_04UD	2
PBY_0A07	2
PBY_0A0A	2
PHO_092E	2
PTO_04MT	2
PBY_09PQ	2
PTO_04GN	2
PEL_04I7	2
PHO_0887	2
PEL_03UZ	2
PEL_042B	2
PEL_049G	2
PBY_09BV	2
PBY_09BZ	2
PEL_03OK	2
PTO_03UK	2
PEL_03NA	4
PBY_08MR	2
PEL_03K5	2
PTO_0236	2
PBY_055G	2
PHO_03JA	4
PTO_01XQ	2
PHO_03C1	2
PTO_01DV	2
PTO_01J4	2
PTO_01K6	4
PBY_03W1	2
PTO_01UK	2
PEL_00NX	2
PTO_01CT	4
PTO_01CL	2
POU_0196	2
PTO_016K	2
PTO_00N5	2
PTO_00NF	2
PTO_00T6	2
PHO_01PS	2
PTO_014W	4
PEL_009D	4
PTO_00LG	2
PTO_00HZ	2
PEL_005H	2
PTO_009V	4
PH21221LEG6K	4
PH21227STDVI	4
PUSHBB2E3Q1I	2
PTO_000B	2
PTO_007C	2
PH45343A3025	4
PH2122O3BB44	2
PH212286Y1R7	2
PH212273N09F	4
TO2122M5605R	2
PTO_06YH	2
PTO_06YB	2
ST2122A854Y6	4
PTO_071E	2
PUSH7DOGRKQ5	4
PTO_06YF	2
PTO_06YN	2
PBY_0BCA	2
PTO_049E	2
PBY_08LC	2
PTO_03AN	2
PEL_02PY	2
PTO_03H8	2
PTO_03J3	2
PEL_03I3	2
PEL_040A	2
PHO_07IZ	2
PTO_02UV	4
PEL_01AF	2
PHO_02TO	2
PEL_07OI	2
PTO_073O	2
TO21220920R7	2
PEL_008C	2
PEL_07OH	2
PEL_07H3	2
PTO_066G	4
PTO_05NL	2
PBY_0C38	2
PBY_0ASF	2
PBY_0AZ8	2
PBY_0B0J	2
PTO_05FB	2
PTO_05FI	2
PTO_058G	2
PBY_0AHE	2
PTO_0535	2
FQ1TO_FN8C9	2
PTO_04YH	2
PTO_0400	4
PTO_042M	4
FQ1TO_EZCMV	2
PHO_08IO	2
PTO_04UC	2
PEL_0389	2
PTO_03L7	4
PEL_036Y	2
PTO_03GZ	4
PTO_03G5	2
PTO_03NR	2
PBY_08L5	2
PTO_03V3	4
PTO_03VZ	4
PTO_03ZE	4
PTO_02RN	2
PTO_02MM	2
PTO_02FG	2
PEL_010D	2
PTO_02A3	2
PTO_02WP	2
PTO_02YE	2
PTO_031V	4
PEL_02RQ	2
PEL_02S6	2
PHO_00SD	2
PTO_00UT	4
PTO_00VQ	4
PTO_00XL	4
PEL_00J4	2
PTO_01YY	2
PEL_00PY	2
PBY_03LC	2
PHO_02IA	2
PHO_01V0	2
PBY_06F2	2
PTO_02JP	2
PTO_02NJ	4
PEL_01DJ	2
PEL_0221	2
PEL_03OI	2
PBY_08LE	2
PEL_031W	2
PBY_07LD	2
PTO_0453	2
FQ1TO_M9RWT	2
PTO_05L8	2
PHO_081Y	2
PTO_05MJ	2
PTO_01EJ	4
PTO_00X2	4
PTO_00WT	2
PTO_00BN	2
PEL_07HJ	2
PTO_03DD	4
PTO_03KV	2
PTO_04JZ	2
PTO_00EU	4
L00JJBBQSJ50	2
PEL_063J	2
PEL_04CQ	2
PEL_03N7	2
PEL_03AL	2
PHO_05TU	2
NULL	NULL
ST1070GD9169	2
HO1070Y056A2	2
PH2122638EK1	4
PHO_005W	2
PHO_008Q	2
PTO_01XH	2
PBY_04VI	2
PTO_02C1	2
PBY_07RV	2
ST1070KC8TF6	2
PBY_0AYK	2
ST2122RXEF9J	4
PTO_03EO	2
PBY_08XA	2
PUSH1KH73NZ1	2
TO2122S3KKGQ	2
PH1070SK0LS8	2
PH21225QD4OT	2
PTO_00BF	4
PTO_02S7	2
PTO_01EU	2
PEL_00MC	2
PBY_01PV	2
PHO_018A	2
PTO_037F	2
PEL_05JD	4
PEL_06AG	4
PEL_06NR	4
PEL_0850	2
PHO_06UM	2
PTO_03MN	2
PHO_04IZ	2
PTO_02IO	2
PBY_049E	2
PTO_0191	2
PHO_05SF	2
PTO_03EB	2
PEL_047U	2
TO21227P6CJ6	2
PHO_01XQ	2
PBY_00QT	2
PTO_00EC	2
TO21223TGU7R	4
PTO_026C	2
PHO_03UW	2
PTO_02H0	4
PHO_05NE	2
PHO_06ZX	2
PBY_0GW6	2
EL6131QP4OEP	2
PTO_0596	2
PHO_08CK	4
PTO_047F	2
PBE_02IU	2
PBY_0AUN	2
PEL_08KX	2
PEL_0547	2
PHO_046U	2
PHO_069C	4
PHO_08DE	2
PEL_07V9	4
PEL_08GJ	2
PBY_0ANM	4
PHO_01AM	2
POU_02PT	2
PBY_0D3Q	2
ST10705784X2	2
PBY_0DLB	2
PEL_03K2	2
POU_00UG	2
PBY_0DJM	2
PBE_02WA	2
PHO_0AEY	2
PBE_033U	2
PAU_01LK	4
PBY_072P	2
POU_00Z0	2
POU_02VC	2
PUSH51L7891Q	4
PBY_0DR0	2
PEL_04DF	2
PBY_07MW	2
POU_02MD	2
POU_029S	2
PHO_07ZD	4
PHO_00HX	2
PEL_02Q1	4
PEL_055L	2
PHO_09AZ	2
PBY_0GK6	2
PBY_069J	4
POU_01RG	2
PBY_0AMH	2
POU_007O	2
PTO_038D	2
PBY_07Y8	2
PBY_0DOA	2
PHO_04NJ	2
PTO_03E2	4
OU4534D4PDTB	2
PBY_04BE	2
PHO_0BDN	4
PBE_031A	2
PAU_022R	2
PHO_04J9	2
PTO_07BO	2
PHO_044Y	2
POU_01S3	4
PH4534152XP2	2
NULL	NULL
PHO_0BL1	2
PEL_095X	4
PBE_0335	2
PHO_03XW	2
PBY_04C9	2
PBY_0DTS	4
PBY_0GVY	2
PHO_09S6	2
PBE_02R7	2
PEL_04LD	2
PEL_031T	2
PEL_04QS	2
PHO_079K	2
PBY_0FE5	2
PEL_0AQI	2
POU_02PY	2
PEL_013E	2
PTO_06GQ	2
POU_02G3	2
PEL_09YK	2
PBY_01MV	2
PAU_051N	4
PBY_0DQZ	2
PHO_09AY	2
PTO_01WJ	2
PBY_0E39	2
PEL_09ZS	4
PEL_092H	2
PHO_0764	2
PBY_041D	2
PBE_02WO	2
PHO_0807	2
PBY_0FLL	2
EL6131H5BOQI	2
PBY_0A7E	2
PAU_03KB	2
PBY_0AVU	2
HO107009120O	2
PBE_04Z4	4
ST212283054L	2
PAU_053N	4
POU_00GG	4
PBY_0GVX	2
PBY_0CSM	2
PHO_0CGS	2
POU_01UG	2
PBE_046W	2
PHO_01TC	2
PBE_03KN	2
PBY_08MS	2
PAU_0015	2
PHO_063W	2
PHO_06MZ	2
PBY_0FPB	2
PHO_00O8	2
PBY_00M6	2
PBY_09JG	2
POU_03H2	2
PBY_0A6F	2
PEL_06DA	2
POU_004O	2
PHO_01M1	2
PEL_00C2	4
PAU_033P	4
PST_00LH	2
HO10703835EF	2
PUSHV1KVPV92	2
PTO_01OL	2
PBY_088U	2
PBY_0DIH	2
PBY_0EKS	2
PEL_05HW	2
PEL_075A	2
PBY_07Z3	2
PBE_04VD	2
POU_00BI	2
PEL_00L5	2
POU_01BM	2
PEL_03E4	4
PEL_01CV	2
PHO_07I9	2
PHO_09XN	2
PEL_02ZC	2
PEL_08RX	2
PBY_0BHW	2
POU_0322	4
PTO_02MP	2
POU_02H2	2
PEL_09AC	4
PHO_08NP	2
PHO_05HP	4
PBY_0CYA	2
PBY_0I5O	2
PUSHUAU2CL16	4
PEL_0AAC	2
PEL_0856	2
PEL_01G1	2
PTO_05LU	2
PEL_090I	2
POU_01ZP	2
POU_03R5	4
PBY_0GW5	2
NULL	NULL
PHO_00EN	2
PHO_01TD	2
NULL	NULL
EL61314K0I7I	2
PHO_07GF	2
BYA483144R2K	2
PHO_06VO	2
PHO_09BP	2
PTO_05IS	2
PTO_023Y	2
EL6131MLTCC8	2
PBE_03V3	2
PBY_0CX1	2
PHO_0A5M	2
PHO_04D4	2
PBY_0DGG	2
FQ1TO_2CZ6X	2
PH4534VVJ5I8	2
PHO_058P	2
PBY_0B15	2
PAU_008G	2
ST2122G33VYJ	2
PBY_0AKD	2
PBY_0899	2
PEL_041Q	2
EL6131298FV9	2
PTO_05Q4	2
PTO_00UE	4
PTO_04TU	2
PAU_020N	2
PEL_04VW	2
PBY_0P1Q	2
PTO_04WQ	2
PEL_08NR	2
PBY_04QJ	2
PBY_0E36	2
PBE_05FO	2
PEL_0095	2
PEL_0474	2
PAU_03PH	2
PBE_01SD	2
PTO_020B	2
PUSHV1R0O734	2
PAU_03MG	4
PH212279845Q	2
POU_03QY	2
PBE_05FP	2
POU_02AA	2
PTO_03K9	2
PEL_0359	2
POU_03NV	2
PHO_0C61	2
PHO_0B9L	2
PBE_03NU	2
PEL_03L0	2
PAU_05Q8	4
PBE_000Y	2
NULL	NULL
PBY_0CKK	2
PAU_00MQ	2
PTO_0448	2
POU_01UJ	2
PEL_07XP	2
PHO_0CEI	2
PBY_0BGJ	2
PBY_08EE	2
PBY_0B0K	2
PTO_010Y	4
PTO_052B	2
PEL_07KB	4
POU_03KQ	2
POU_03R6	2
NULL	NULL
PHO_02SX	2
PBE_02F6	2
PBY_07IR	2
PEL_07UX	2
PBE_036X	2
PAU_03VG	2
PHO_02L0	2
PBY_0FLE	2
PHO_0GVT	2
PTO_070K	2
PEL_0C5D	2
PTO_05YR	2
PEL_04FA	2
PEL_08WC	2
PAU_06CX	4
PBY_0ILI	2
PBY_0I7O	2
NULL	NULL
NULL	NULL
NULL	NULL
PBY_09U8	2
NULL	NULL
NULL	NULL
NULL	NULL
NULL	NULL
NULL	NULL
NULL	NULL
NULL	NULL
NULL	NULL
NULL	NULL
NULL	NULL
NULL	NULL
NULL	NULL
NULL	NULL
PBY_0Q56	2
NULL	NULL
NULL	NULL
NULL	NULL
NULL	NULL
NULL	NULL
NULL	NULL
NULL	NULL
PBY_0Q5L	2
NULL	NULL
NULL	NULL
NULL	NULL
NULL	NULL
NULL	NULL
NULL	NULL
NULL	NULL
PHO_08P0	2
NULL	NULL
PBY_0P1R	2
PBY_0Q5Y	2
PBY_0Q5Z	2
PBY_0Q60	2
PBY_0Q62	2
PHO_03OL	4
PTO_00ZP	2
PTO_0ASV	4
PTO_07X6	2
PAU_062A	4
PHO_06TD	2
PBY_0CJD	2
PHO_0DH4	2
PHO_0DD6	4
PEL_04VP	2
PBY_0C7P	2
PBY_0DIG	2
PBY_0EAZ	2
A05SZODWSJT0	4
PHO_0COV	4
PBY_0FDZ	2
POU_03KT	4
PTO_04YG	2
PHO_0HE8	2
POU_04I8	2
PEL_08B9	2
PBY_0CE7	2
FQ1TO_GX0BD	4
PHO_0BXJ	2
PHO_0B3E	2
PHO_0BJG	2
PHO_04VQ	2
PHO_0GE6	2
PHO_0ACR	2
PHO_03I3	2
PAU_042S	2
FQ1TO_N40PA	4
PHO_077I	2
PHO_0CVM	2
PBE_0A6M	4
PHO_061L	2
PHO_0G1Z	2
PEL_00LD	2
PBE_0A6L	2
PBE_0A6N	2
PEL_02OP	2
PEL_004D	2
PEL_0AVS	2
PBE_061Z	2
HO10700O8711	4
PBY_0FJG	2
PBY_0HQ6	2
PEL_06RP	2
PHO_0DUJ	2
POU_0031	2
PH10700207Y5	2
PEL_065R	2
PST_02G0	2
PBY_0679	2
PTO_06F2	2
PBY_0EC3	2
NULL	NULL
PBY_0J2W	2
PBY_0CH9	2
POU_02MG	2
PBY_0DG3	2
PHO_0BKE	2
PHO_07NU	2
PHO_06N5	2
PHO_07OH	4
PHO_0DOX	2
PBY_09M3	2
PHO_07C1	2
PTO_05EC	2
PEL_08V9	4
POU_03MS	4
FQ1TO_5AYRT	2
PBY_0RG3	2
POU_0850	2
PTO_0BD2	2
PTO_06EY	2
POU_05JP	2
ST107043W037	2
PBY_0B9B	2
PHO_0BXI	2
PAU_057Z	2
PBE_06SJ	2
POU_0819	4
PTO_01XP	2
PHO_02O1	2
PHO_075S	2
FQ1TO_G0PSP	2
PEL_01E7	2
PEL_0BV4	4
PHO_0731	2
PEL_073T	2
HO10709W2HDP	2
PHO_07O8	2
PHO_024M	2
POU_03D8	2
PEL_04LB	4
PEL_0DJR	4
PTO_05CC	2
PHO_07QY	4
PEL_00N8	2
PAU_04DT	4
PHO_07E5	4
PBY_0FAM	2
PHO_0FKX	2
PAU_01LJ	4
PBY_0PCV	2
PBY_0C8J	2
PBY_0H31	2
PTO_06RB	2
PBY_0DO9	1
PHO_05RA	2
PEL_0CKV	2
PBY_0B7H	2
PBY_0G3U	2
POU_022C	2
PHO_0053	2
PBY_0IFW	2
PTO_095T	2
PHO_0DWM	2
PBY_0HMC	2
PTO_075J	2
PBY_0FZT	2
PHO_07WC	4
PEL_034I	2
PEL_089L	2
PEL_0C57	2
PHO_0C8T	2
PBY_0C8P	2
PEL_08GM	2
PEL_028P	2
PEL_0B55	2
PHO_0G2O	2
PEL_067B	2
PHO_06EZ	2
PEL_03ZL	2
PEL_0B7Q	2
PEL_06O4	4
PHO_0EJT	2
PEL_024M	2
PTO_09HX	2
PBY_0JWH	2
PCL_003F	2
PBY_0LCZ	2
PHO_0I00	2
PHO_0FKY	2
PBY_0C8S	2
PEL_07P5	2
PBE_02X3	2
PEL_07JP	2
PBE_09E3	4
PHO_00RM	4
PEL_08JF	2
PAU_064J	2
PHO_0A9V	2
PEL_0565	2
PEL_0476	4
PEL_062S	2
PBE_09AS	2
PEL_03PB	2
PEL_0489	2
PEL_05FU	2
PAU_03B2	2
PHO_0IJT	2
M00MBDHQ0000	2
PEL_0A5Z	2
PHO_09XU	2
PEL_0A3A	2
PEL_0DNP	2
PEL_0A19	2
PEL_09BQ	2
PAU_04V4	2
PEL_0CUV	2
PEL_05J1	2
PEL_07IB	2
PEL_0A5N	2
PEL_0EYY	2
PEL_0C05	2
PEL_0DIW	2
PEL_023Q	2
PEL_05EV	2
PAU_05O2	2
PEL_0433	2
PEL_08KD	4
PBE_09T3	2
PBE_06B7	2
PEL_07RD	2
PEL_0BAA	2
PEL_0645	2
PEL_020U	2
POU_04HG	2
PEL_074M	2
PHO_0DWB	2
PEL_05GV	2
PBE_07IE	2
PTO_06XV	2
PEL_0865	2
PEL_0DYX	2
PHO_09QI	2
PH45340M1FQ1	2
POU_0086	2
PST_01DV	2
PEL_0DH8	4
PEL_0BU1	2
PEL_0868	4
PAU_03SH	4
PBE_09CI	2
TO21221464HD	4
PBY_0AOC	2
PTO_08RZ	2
PEL_07OZ	2
TO2122IPZW7A	2
PEL_00MY	4
PTO_02HQ	2
B02360BOWRY9	2
PEL_06YZ	4
PEL_0DLE	2
PAU_02TA	4
PEL_09WC	2
PEL_06WG	2
PEL_0958	2
PEL_076U	2
PEL_0DFZ	2
PEL_00OT	2
PEL_0A1H	4
PEL_00KS	2
PEL_09L1	2
PHO_07JR	2
PEL_05UU	2
PEL_028Y	2
PTO_07SC	2
PEL_09KS	4
PEL_07LO	2
PTO_03IJ	2
PHO_072P	2
PEL_06LF	2
PEL_02EF	2
PEL_04Q6	2
PBE_00KX	2
PEL_09MM	2
PEL_00N5	2
PAU_001V	2
PEL_06L1	2
PTO_096T	2
PEL_0AC3	2
PTO_054X	2
PHO_0NZ7	2
PHO_08OW	2
PHO_0PGO	2
PHO_0HJM	4
PEL_06L7	4
PEL_0997	2
PAU_006E	2
PHO_0PGP	2
PHO_0PGD	2
PBE_0AMI	2
PCL_01GP	2
PHO_0PGT	2
PBY_0DCW	2
PBY_0AKQ	4
PCL_01GQ	2
PHO_0PGN	2
PCL_01GR	2
PTO_02PO	2
OU4534GD9RW4	4
POU_009U	4
PTO_06R8	4
PEL_028T	2
PEL_05F0	2
PEL_0F5R	2
POU_07O3	4
PBE_093Q	4
PHO_02UL	2
PHO_07VK	2
PEL_0630	2
PEL_064A	2
PHO_082Q	2
PHO_0BRX	2
PTO_038L	2
PHO_083F	2
PBY_09E2	2
PEL_035G	2
PEL_04BI	2
EL6136323D47	4
PHO_0AJP	2
PAU_06J2	4
PBE_09CC	2
PEL_00MV	4
PEL_031S	2
PAU_079W	2
PEL_07BA	2
PEL_06BH	2
PBE_0AST	2
PBE_01G9	2
ST3841KWO015	4
PBE_07FY	4
PHO_06V6	2
PTO_08Q8	2
PHO_01B5	2
PBY_0PDD	2
PEL_0A39	2
PEL_09RO	2
PHO_0PV0	2
PTO_0WC3	2
PTO_0WBZ	2
PTO_0WBV	2
PHO_0PVL	2
PBY_0UO3	2
PBY_0UO0	2
PTO_0WC1	2
PTO_0WBY	2
PAU_03O2	2
PHO_09DQ	4
PBE_060S	2
PHO_0ACN	2
PEL_070T	2
PH4534M41919	2
PHO_042B	2
POU_096M	2
PHO_0PVH	2
PEL_0HCH	2
PEL_068D	4
PTO_0WAZ	2
PBE_0AVB	2
PHO_0PVN	2
PHO_0PVM	2
PHO_0PVK	2
PBY_0RVH	2
PBY_0PCW	2
PHO_0PVJ	2
PHO_0BG6	2
PTO_00ZC	2
PTO_02IB	2
PEL_09GO	2
ST21229E6863	2
PTO_01AS	2
PEL_068F	2
PHO_0EOL	2
PEL_04SX	2
PEL_01FB	2
PEL_0578	2
PBY_0P1N	2
PBY_0P1P	4
PBY_0P1O	2
PBY_0PDG	2
PEL_02AJ	2
PEL_00JP	2
PHO_00HY	2
PBE_033V	2
PHO_00KO	4
PBE_032W	2
PBE_0817	2
PBE_033Y	4
PBE_006H	2
PHO_05NA	2
PHO_05PX	2
PEL_0BU5	2
PTO_0WC0	2
POU_00CW	2
EL6131TLMFF3	2
EL6131J7I46M	2
PEL_07ZX	2
PEL_00V0	2
PEL_06U6	2
PEL_07B5	4
EL6131FAJE6M	2
PEL_00I1	2
PTO_023S	2
PAU_06CQ	2
PHO_05EA	2
PHO_05CC	2
PHO_09EH	2
PHO_08W2	2
PBE_09FU	2
PAU_00CM	4
PAU_02JK	2
PBY_0RNI	2
PBY_0RNH	2
PBE_009J	2
PAU_02YC	2
PHO_0FKB	2
PHO_0IBU	2
PEL_04I5	2
PAU_0649	4
PAU_02T7	4
PEL_0CNV	4
PBY_0GMN	2
PBY_0F0S	2
PBY_0H8E	2
PBY_0F4F	2
PEL_0FBB	4
PEL_022Z	2
PEL_05X8	4
PHO_0EJO	4
PHO_0AT4	2
PTO_02D9	2
POU_026I	4
PEL_02KZ	2
PAU_0853	2
PTO_0ENU	2
ST61360K5G8P	2
PEL_027R	2
PEL_06RF	2
PEL_0EUR	2
PHO_06UQ	2
PEL_09Y3	2
POU_02EI	2
PHO_07GY	4
PTO_02FX	2
PST_00Z5	2
PHO_050F	2
PST_0012	2
PEL_0895	2
PEL_07WO	2
PHO_0D2T	2
PHO_08G4	4
PHO_0HGR	2
PHO_0B6Q	2
PHO_0GDQ	2
PBY_0JND	2
PHO_06GG	2
POU_011D	4
PHO_066I	2
PTO_00QJ	2
PHO_08YG	2
PHO_025M	2
PHO_0524	4
PHO_0J2E	2
PTO_0F23	4
PAU_00WC	2
PAU_03BB	2
PTO_0DVB	2
POU_08RM	2
PTO_00ID	2
PEL_056P	2
PTO_06HA	2
TO212291Y1XS	4
PEL_09XN	2
PTO_01Y6	2
PEL_0DV4	2
TOA212223V5E	2
FQ1TO_CE36Q	2
POU_034A	2
PHO_06Z2	2
PTO_04BV	4
FQ1TO_HO022	2
PTO_0726	2
PST_01I3	2
POU_00CB	2
POU_021D	2
POU_00FO	2
POU_06AW	4
POU_0545	4
POU_0294	2
PHO_03VY	2
POU_05QA	2
POU_07AY	2
PTO_0552	2
PTO_0391	2
FQ1TO_GQKQ4	4
PBY_0HHJ	2
PHO_0PVI	2
PHO_02NK	2
PHO_0I7O	4
PTO_016L	2
OU45344DJRKY	4
PAU_00A6	4
PEL_009K	2
POU_026T	2
PEL_05XM	2
PEL_055J	2
POU_008F	2
PHO_008S	4
POU_006H	2
PEL_03OV	2
PEL_0CDS	4
HO1070KRQAO2	2
TO21220302DI	2
POU_024R	4
PTO_01QA	4
EL61317CNKKI	2
EL61319GVO75	2
EL6131K2TJU2	2
EL6131O4YVPI	2
PUSH4QF57J82	2
PEL_0498	2
PEL_0A37	2
PST_01W2	2
PHO_0OUT	2
PTO_0FZE	2
PEL_0G7V	2
PTO_0W7W	2
PTO_0FHI	2
FQZOL_QL9GY	2
PBE_0A66	2
PEL_0HBG	2
PBE_06I3	2
PBE_045V	2
PTO_02QW	2
PH453447NHQ2	4
PEL_05EW	2
PTO_044Y	2
PHO_0B64	2
PBY_02TI	2
PEL_02EI	2
PEL_03OE	2
PTO_051P	2
PEL_06AY	2
PEL_02V3	2
PHO_06D6	2
PH21227275SX	2
POU_02VQ	4
PHO_0AKE	2
HO10701XL407	2
PEL_06YA	2
PEL_05R2	2
ST4534RZ688G	2
PBE_03FF	2
PHO_00M5	2
POU_02XG	2
PH2122DLZ43G	4
PBE_041H	2
PEL_0061	2
EL61314U5F4W	2
PBY_0EKI	2
PH45344D0OYS	2
TOA2122O75D7	2
PAU_00BN	2
PHO_01IU	2
NULL	NULL
PTO_07DM	4
NULL	NULL
NULL	NULL
POU_05CU	2
PTO_099P	2
PHO_0OHI	2
PTO_0AGL	2
PHO_09EU	2
PTO_0E0J	2
POU_07CN	2
PHO_05CH	2
PHO_0DIS	2
PTO_06FM	2
POU_00B0	2
PHO_005O	2
OU4534H7O74D	2
L00JJBBTC00P	2
PTO_009F	2
PTO_039U	2
