spu_code	status	stock
L00JJBBTC00P	2	5
NULL	NULL	NULL
ST4534RZ688G	2	0
HO1070KRQAO2	2	0
TO21220302DI	2	48
OU4534H7O74D	2	2
HOA10700S4L0	2	5
PUSH9G363DD6	2	1
TO2122R1NXMJ	2	19
EL6136LK6QYV	2	0
PUSHY4TUCRT0	2	4
EL6136GBG4ZN	4	0
EL61364P99YA	2	10
PH10704WKVTC	2	10
PH4534MHIX65	2	7
PH45344D0OYS	2	5
PH1070642AT8	2	0
TO2122L79004	2	7
PH2122413K11	2	1
EL6136AR2LZ4	4	3
PHO_005O	2	3
PHO_008S	4	0
PHO_008E	2	14
POU_001P	2	0
PTO_009F	2	14
PTO_00BU	2	0
POU_003W	2	1
PTO_00DW	2	0
POU_006H	2	29
POU_007B	2	2
POU_007C	2	7
PEL_0083	2	0
PHO_00NT	2	39
POU_008F	2	3
PEL_008O	2	2
PHO_00P0	2	3
PTO_00LW	2	5
PTO_00MY	2	33
PEL_00AZ	2	66
POU_00BH	2	9
PHO_00V5	2	0
POU_00CW	2	27
PTO_00QO	2	10
POU_00IH	2	8
POU_00NT	2	35
POU_00RK	2	3
PHO_01JM	2	13
PEL_00JP	4	12
PHO_01ZI	2	0
POU_016B	2	20
PHO_021V	4	0
POU_019I	2	1
PTO_01AS	2	9
PEL_00NN	2	39
POU_01I3	2	-1
PEL_00Q1	2	0
PEL_00Q2	2	2
PTO_01OV	4	0
PTO_01QA	4	0
POU_01O5	4	0
PTO_01Y6	2	0
PEL_00TO	2	35
PEL_00U5	2	10
PEL_00UN	2	0
PEL_00US	2	15
PHO_03OB	4	0
PHO_03RA	2	5
PTO_026A	2	6
PTO_02AU	2	0
PTO_02AW	2	9
PEL_00YH	2	13
PTO_02CB	2	8
PTO_02FH	2	8
PEL_011A	2	52
PHO_04R6	2	7
PEL_01BL	4	0
PEL_01DI	4	0
PHO_051C	4	0
PEL_01FI	2	0
POU_024R	2	0
PEL_01G2	4	0
PEL_01GP	2	8
PEL_01H3	2	12
PEL_01HK	2	4
PTO_02X4	2	0
PHO_05MN	2	35
PEL_022Y	2	11
PEL_023E	4	0
PHO_05RM	2	10
PEL_02A8	2	10
PEL_02AJ	4	1
PEL_02EI	2	2
PEL_02R3	2	16
PTO_03DA	2	25
PEL_02ZZ	2	22
PEL_031X	2	2
PEL_031Z	2	21
PEL_0320	2	3
PEL_035C	2	10
PEL_03AQ	2	0
POU_02QS	2	1
PEL_03BF	4	24
PEL_03J8	2	2
PEL_03OE	2	4
PEL_03OV	2	0
POU_02X3	2	26
PEL_03TG	2	6
PEL_03XI	4	0
PEL_040Z	2	7
PEL_042D	2	5
PEL_044B	2	7
PTO_0498	2	4
PEL_049F	2	80
PEL_049D	2	9
POU_034A	2	8
PEL_04AF	4	0
PEL_04CL	2	12
PEL_04HD	2	6
PEL_04RE	2	3
PEL_04SO	2	23
PEL_04T3	4	0
PEL_04VN	2	0
PEL_04ZR	2	3
PEL_055J	2	0
PEL_056P	2	39
PEL_0578	2	0
PEL_05G0	2	7
PBY_0AL0	2	19
PTO_055S	4	0
PTO_056L	2	2
PEL_05US	2	10
PHO_09PV	2	0
PHO_09UK	2	5
PEL_06VF	2	5
PBY_0EKI	4	12
HO10703B9P94	2	0
TO21229JXIUG	2	5
TO212276G79U	2	0
EL6136R40H13	2	7
TO212260244C	4	0
PH21226684SF	2	3
PH21222117VP	2	0
PH453447NHQ2	2	5
TO2122E28885	2	5
PH2122DLZ43G	2	4
PH2122X2602V	2	3
PH1070EQ4ELM	2	0
HO10703634IJ	2	0
PH2122HFJLP5	4	0
HO107058RS3F	4	0
PTO_004M	2	4
PTO_008T	2	0
PTO_009L	4	0
PTO_00C3	2	5
PEL_0049	2	3
PHO_00IT	2	4
PEL_006V	2	3
PEL_007M	4	0
PTO_00L9	2	2
PEL_009U	2	1
PTO_00MK	4	0
PTO_00WS	2	14
PEL_00I1	2	19
PTO_017F	2	7
PTO_019U	2	10
PHO_02EC	2	2
PTO_01FU	2	5
PTO_01KL	2	13
PHO_02UK	2	3
PTO_01O2	2	0
PBY_04FF	2	20
PTO_01XA	4	0
PTO_01XG	4	0
PTO_023R	4	0
PTO_023S	2	7
PHO_03NU	4	0
PHO_03VY	2	8
PTO_02C2	2	0
PTO_02HH	2	5
PTO_02KZ	2	42
PTO_02MQ	2	17
PTO_02MG	2	0
PEL_01AV	2	0
PHO_04VT	2	11
PTO_02SC	2	13
PEL_01FB	2	2
PTO_031Z	2	3
PTO_033B	2	2
PBY_07J6	2	0
PEL_022Z	2	4
PEL_023W	2	4
PEL_02AB	2	8
PTO_039U	2	5
PTO_03DK	2	6
PHO_06D6	2	6
PTO_03L1	2	8
PEL_038P	2	0
PHO_06PW	2	52
PHO_06UQ	2	8
PEL_03K5	2	9
PBY_08MR	2	1
PEL_03NA	2	4
PTO_03UK	2	20
PEL_03OK	2	6
PEL_03UZ	2	0
PTO_044Y	2	0
PEL_042B	2	24
PEL_049G	2	536
PBY_09BV	2	12
PBY_09BZ	2	23
PHO_0887	2	0
PEL_04I7	2	0
PTO_04GN	2	10
PBY_09PQ	2	31
PTO_04MT	2	14
PEL_04SJ	2	9
PEL_04UD	2	10
PBY_0A07	2	12
PBY_0A0A	2	16
PHO_092E	2	9
PBY_0A5H	2	8
PBY_0A66	2	55
PBY_0A8E	2	6
PTO_051P	2	10
PTO_051R	2	31
PEL_05R2	2	2
PBY_0ALG	2	9
PEL_05WE	2	2
PBY_0AYS	2	41
PBY_0AZ6	2	6
PBY_0B27	2	11
PBY_0BBK	2	21
PBY_0BTQ	2	6
PTO_05QE	2	3
PEL_06YT	2	0
PTO_05WR	4	8
PTO_06AM	2	2
PTO_06BZ	2	0
PBY_0DFA	2	36
PTO_06Y0	2	40
PEL_089F	2	34
PTO_071G	2	34
PTO_071H	2	5
PTO_0005	2	3
PTO_0084	2	0
PTO_00Z2	2	5
PTO_0125	2	1
PTO_01ED	2	0
PTO_02EM	4	0
PTO_02YJ	2	10
PTO_033V	2	10
PEL_02KG	2	2
PTO_03AN	2	4
PEL_02PY	2	0
PTO_03H8	2	2
PTO_03J3	2	12
PEL_03I3	2	0
PBY_08LC	2	12
PTO_04A0	4	0
PTO_049E	2	0
PBY_0BCA	2	3
PEL_06BM	4	10
PTO_06YN	4	16
PTO_06YF	2	29
PTO_06YH	2	0
PTO_06YB	2	4
PTO_071E	2	4
ST2122A854Y6	2	0
ST45347H7G92	4	0
TO2122M5605R	2	21
PH212286Y1R7	2	1
PH2122O3BB44	2	1
PH45343A3025	2	11
PH2122JKG48A	2	7
PH212291TW8D	4	0
PUSHBB2E3Q1I	2	3
PTO_000B	2	10
PTO_007C	2	4
PTO_009V	2	0
PTO_009N	4	0
PTO_00E8	2	0
PEL_005H	2	4
PTO_00HZ	2	7
PTO_00ID	2	9
PTO_00LG	2	0
PTO_00N5	2	7
PTO_00NF	2	15
PTO_00T6	2	0
PHO_01IU	2	35
PEL_00J7	4	0
PTO_00ZC	4	0
PHO_01PS	2	2
PTO_014A	2	0
PTO_014W	2	0
PTO_016K	2	5
POU_0196	2	5
PTO_0197	2	1
PTO_01CL	2	3
PTO_01CT	4	0
PEL_00NX	2	10
PTO_01D4	2	0
PTO_01DV	2	5
PHO_02NK	2	3
PTO_01J4	2	4
PBY_03W1	2	17
PTO_01UK	2	18
PHO_03C1	2	3
PTO_01XQ	2	8
PHO_03JA	2	35
PBY_055G	2	0
PTO_0236	2	0
PTO_0260	2	0
PTO_02A3	2	3
PHO_042B	2	6
PEL_00Z2	2	6
PEL_010D	2	5
PTO_02FG	2	36
PTO_02IB	2	0
PTO_02LG	2	0
PTO_02MM	2	5
PTO_02RN	2	0
PHO_051T	4	0
PTO_02WP	2	5
PTO_02YE	2	5
PEL_01XV	2	3
POU_02EI	2	10
PTO_033U	2	0
PTO_038C	2	0
PEL_02RQ	2	4
PEL_02S6	2	31
PTO_03G5	2	2
PEL_036Y	2	3
PEL_0389	2	3
PEL_03AK	4	0
PTO_03NR	2	5
PBY_08L5	2	0
FQ1TO_EZCMV	2	4
PTO_04AI	4	0
FQ1TO_HO022	2	4
PHO_08IO	2	21
PTO_04UC	2	0
PTO_04YH	2	7
FQ1TO_FN8C9	2	6
PEL_05CD	2	11
PTO_0522	2	0
PTO_0535	2	0
PBY_0AHE	2	24
PTO_058G	2	12
PBY_0ASF	2	1
PBY_0AZ8	2	7
PBY_0B0J	2	63
PTO_05FB	2	3
FQ1TO_CE36Q	2	1
PTO_05FI	2	1
PBY_0C38	2	9
PTO_05NL	2	14
PTO_066G	2	0
PEL_07H3	2	4
PBY_0DNL	4	0
PEL_07OH	2	0
PEL_07OI	2	2
PTO_073O	2	1
TO21220920R7	2	3
PEL_008C	2	4
POU_00B0	2	6
PTO_00QM	2	0
PTO_015S	2	0
PHO_02TO	4	2
PEL_01AF	2	2
PHO_07IZ	2	5
PEL_040A	2	3
PEL_0498	2	6
PTO_06FM	2	17
PUSH4QF57J82	2	2
TOA212223V5E	2	3
PH21223L8CZT	2	0
PH2122Q887B9	2	0
PTO_002A	2	0
PHO_0058	4	0
PHO_00SD	2	10
PTO_00UT	2	6
PTO_00VQ	2	0
PEL_00J4	2	0
PHO_01V0	2	11
PHO_02IA	2	7
PBY_03LC	2	4
PEL_00PY	2	2
PTO_01YY	2	7
PBY_06F2	2	0
PTO_02JP	2	8
PEL_01DJ	2	0
PEL_01F6	4	0
PEL_0221	2	9
PBY_07LD	2	0
PEL_02V3	2	0
PEL_02YC	4	0
PEL_031W	2	5
PTO_03IT	2	2
PTO_03KA	4	0
PHO_06TJ	2	0
PEL_03EC	4	2
PBY_08LE	2	2
PEL_03OI	2	5
PTO_0453	2	2
FQ1TO_M9RWT	2	50
PEL_049E	4	16
PHO_081Y	2	13
PEL_04BR	2	0
PEL_06A4	4	11
PEL_06AJ	4	0
PTO_05L8	2	34
PTO_05MJ	2	2
PEL_06YJ	4	0
PEL_07HJ	2	1
PTO_00BN	2	23
PTO_00WT	2	20
PTO_00X2	2	0
PTO_02D9	2	0
PTO_03DD	2	0
PTO_03KV	2	13
PEL_03O5	4	0
PTO_04JZ	2	1
PTO_00EU	2	3
L00JJBBQSJ50	2	1
PEL_00RU	4	3
PHO_05TU	2	0
PEL_03AL	2	1
PEL_03N7	2	0
PEL_04CQ	2	20
PEL_04SX	2	2
PEL_063J	2	4
PTO_05U4	2	26
ST1070GD9169	2	1
ST21223SGBZI	2	0
HO1070Y056A2	2	8
HO10701SGY09	4	0
PH2122638EK1	2	27
PHO_005W	2	7
PHO_008Q	2	12
PTO_00QJ	2	2
PHO_025Y	2	0
PTO_01JD	2	0
PTO_01XH	2	11
PBY_04VI	2	13
PTO_02C1	2	0
PHO_04HO	4	0
PBY_07RV	2	3
PTO_03EO	2	3
PHO_06GG	2	1
PTO_03LU	4	0
PHO_075D	2	0
PHO_07GY	2	3
PBY_08XA	2	4
PBY_0AYK	2	4
PHO_0ACN	2	25
ST2122RXEF9J	2	0
ST1070KC8TF6	2	16
PUSH1KH73NZ1	2	1
TO2122S3KKGQ	2	0
PH1070SK0LS8	2	5
PH21227275SX	2	5
PH21225QD4OT	2	10
PTO_00BF	2	0
PHO_018A	2	9
PBY_01PV	2	0
PTO_016L	2	10
PEL_00MC	2	11
PTO_018H	4	0
PTO_01EU	2	3
PTO_01GW	4	0
PTO_025T	4	0
PTO_02FX	2	1
PTO_02QN	4	0
PTO_02S7	2	5
PHO_05GH	4	0
PTO_037F	2	2
PEL_04X0	4	0
PEL_06AG	4	0
PEL_06NR	2	0
PEL_0850	2	4
PTO_00GQ	2	0
PHO_00KO	2	0
PTO_00Y1	2	0
PBY_049E	2	1
PTO_02CL	4	0
PTO_02IO	2	20
PHO_04IZ	2	10
PTO_03MN	2	0
PHO_06UM	2	50
PH4534M41919	2	20
PTO_0191	2	4
PHO_05SF	2	3
PTO_03EB	2	1
PEL_047U	2	5
PTO_03DJ	2	0
TO21227P6CJ6	2	5
TO2122AJUH66	2	5
TO21223TGU7R	2	0
TOA2122O75D7	2	3
TO212291Y1XS	2	0
PTO_00EC	2	3
PBY_00QT	2	0
PTO_00H9	2	0
PTO_00JL	2	0
PHO_01XQ	2	1
PTO_026C	2	0
PHO_03UW	2	0
PTO_02VG	4	0
PHO_05MQ	2	0
PHO_05NE	2	4
PHO_06ZX	2	3
PTO_047F	2	15
PTO_04BV	2	0
PHO_08CK	2	6
PTO_0596	2	4
EL6131QP4OEP	2	5
PBY_0GW6	2	18
PEL_009K	2	2
PBE_0689	2	0
PEL_06ZZ	2	0
OU4534D4PDTB	2	3
PTO_03E2	2	21
PHO_04NJ	2	3
PTO_07F7	2	364
EL6131TLMFF3	2	5
PHO_08YG	2	6
PBY_0DOA	2	27
POU_01RG	2	0
PBY_0AMH	2	14
POU_007O	2	4
PBY_07Y8	2	7
PBY_069J	4	0
POU_011D	4	11
PBY_0GK6	2	0
PHO_09AZ	2	20
PEL_055L	2	10
PEL_02Q1	2	0
PBY_07MW	2	30
POU_02MD	2	0
POU_029S	2	25
PHO_07ZD	4	0
PHO_00HX	2	23
PEL_04DF	2	4
EL6131RRYKY7	4	5
PBY_0DR0	2	20
PUSH51L7891Q	2	42
POU_02VC	2	18
PHO_0AEY	2	20
PBE_033U	2	67
PAU_01LK	2	0
PBY_072P	2	4
POU_00Z0	2	12
PEL_09IC	4	0
L00BGFGYXB40	2	2
PBE_02WA	2	4
PBY_0DLB	2	17
PEL_03K2	2	11
POU_00UG	2	0
PBY_0DJM	2	22
ST10705784X2	2	8
PBY_0D3Q	2	2
POU_02PT	2	2
PHO_01AM	2	20
PBY_0ANM	2	98
PHO_06PC	4	0
PHO_08DE	2	11
PEL_07V9	2	0
PEL_08GJ	2	0
PHO_0BG6	2	17
PHO_046U	2	16
POU_026I	2	0
PEL_0547	2	9
PEL_08KX	2	33
PBE_006H	2	40
PBY_0AUN	2	13
PBE_02IU	2	5
PEL_00MX	2	0
HO107009120O	4	10
PBY_0AVU	2	12
PAU_03KB	2	10
PBY_0A7E	2	4
EL6131H5BOQI	2	10
PEL_0895	2	11
PHO_0764	2	2
PBY_041D	2	76
PBE_02WO	2	3
PHO_0807	2	21
PHO_025M	2	8
PBY_0FLL	2	18
PEL_092H	4	2
PBE_04AR	4	0
PEL_09ZS	2	5
PEL_0AI1	4	0
PEL_05HP	4	0
PBY_0E39	2	0
PAU_03WE	2	0
PTO_01WJ	2	29
PHO_09AY	2	7
PEL_09YK	2	2
PST_0012	2	29
PBY_01MV	2	3
PAU_051N	2	0
EL6131K2TJU2	2	5
PBY_0DQZ	2	26
POU_02G3	2	4
PTO_06GQ	2	1
PUSHTYN8CIXW	2	5
PEL_013E	2	6
POU_02PY	2	2
PEL_0AQI	2	0
PEL_04LD	2	12
PBE_03FF	2	4
PEL_031T	2	54
PHO_079K	2	1
PEL_04QS	4	0
PBY_0FE5	2	0
PBE_02R7	2	4
PHO_09S6	2	45
PBE_045V	2	0
PAU_00BN	2	2
PEL_0061	2	10
PBY_0DTS	2	33
PHO_042O	2	0
PHO_0BL1	2	7
PEL_095X	2	0
PHO_02N9	2	40
PHO_089S	4	0
PHO_03O5	4	0
PBE_0335	4	11
PAU_02ND	2	0
PHO_03XW	2	31
PBY_04C9	2	7
PHO_06Z2	2	12
PBE_033Y	4	0
PTO_07BO	2	9
PHO_044Y	2	19
POU_01S3	2	14
PH4534152XP2	2	4
PEL_0AC0	2	2
PHO_04J9	2	6
PEL_0763	2	0
EL6131J7I46M	2	5
PAU_022R	2	15
PBY_0H8E	2	15
PBE_031A	2	3
PBY_0EIT	2	4
PHO_0BDN	2	4
PBY_04BE	2	3
PHO_09XN	2	8
PTO_0726	2	26
PEL_02ZC	2	3
PEL_08RX	2	7
PBY_0BHW	2	1
EL6131O4YVPI	2	3
PHO_07I9	2	18
PEL_01CV	2	10
PEL_03E4	2	2
POU_01BM	2	1
PEL_075A	2	8
PBE_060S	2	6
PBY_07Z3	2	1
PBE_04VD	2	0
POU_00BI	2	33
PHO_0B64	2	5
PHO_07QW	4	0
PEL_00L5	2	33
PEL_05HW	2	9
PBY_0EKS	2	20
PBY_0DIH	2	23
PEL_068F	2	43
PBY_088U	2	1
PTO_01OL	2	5
PEL_00C2	2	0
PAU_033P	4	0
PEL_06U6	2	19
HO10703835EF	2	3
PUSHV1KVPV92	2	6
PHO_01M1	2	12
PHO_03DS	2	0
POU_004O	2	20
PEL_06DA	2	5
PBY_0A6F	2	5
PTO_07BI	2	0
PBY_0FPB	2	12
PTO_01F6	2	0
PHO_00O8	2	0
PBY_00M6	2	3
PBY_09JG	2	3
POU_03H2	2	0
PHO_06MZ	2	5
PBY_01ER	2	0
PHO_063W	2	20
PEL_05RI	4	0
PAU_0015	2	3
PHO_0499	2	0
PBY_08MS	2	22
PBE_03KN	2	0
PBY_0CSM	2	5
PHO_0CGS	2	4
POU_01UG	2	1
PBE_046W	2	4
POU_02ON	2	0
PHO_01TC	2	33
POU_00GG	2	3
PAU_053N	2	3
ST212283054L	2	16
PTO_05Q4	2	6
PTO_00UE	2	0
PBY_0ALI	4	0
PTO_04TU	2	6
PAU_020N	2	37
PEL_04VW	2	14
EL6131298FV9	2	5
PEL_041Q	2	9
PEL_05EW	2	4
PBY_0899	2	8
PBY_0AKD	2	45
ST2122G33VYJ	2	5
FQ1TO_2CZ6X	2	5
PBY_0B5F	2	0
POU_00CB	2	13
PBE_0278	4	0
PH4534VVJ5I8	2	0
POU_021D	2	5
PHO_058P	2	0
PBY_0B15	2	9
PAU_008G	2	3
PBY_0DGG	2	32
PHO_04D4	2	9
PHO_0A5M	2	79
PEL_05X8	2	0
PBY_0CX1	2	10
PBE_03V3	2	27
PHO_06VO	2	8
PHO_09BP	2	0
PHO_00M5	2	0
PTO_05IS	2	3
PHO_05PX	2	103
PTO_023Y	2	12
EL6131MLTCC8	2	5
EL61317CNKKI	2	5
BYA483144R2K	2	4
PHO_03DH	4	0
PHO_07GF	2	16
EL6131FAJE6M	2	5
EL61314K0I7I	2	5
PBY_0F4F	2	18
PBE_0609	4	0
PEL_05XM	2	1
EL6131W0KKJG	2	3
POU_03R5	2	5
PST_00Z5	2	18
POU_00LP	2	0
PBY_0GW5	2	8
PEL_03XP	4	13
PEL_07WO	2	1
PHO_00EN	2	20
PHO_01TD	2	88
POU_01ZP	2	0
PEL_090I	2	7
PTO_05LU	2	3
PEL_01G1	2	24
PAU_00A6	2	2
PEL_0856	2	0
PBY_0CYA	2	7
PBY_0I5O	2	156
EL61319GVO75	2	3
PHO_066I	2	0
PEL_0AAC	2	2
PHO_05HP	2	0
OUNCAT27F987	2	5
PTO_02QW	2	0
PBE_041H	2	6
PHO_047I	2	0
PHO_08NP	2	27
PEL_09AC	2	0
POU_02H2	2	10
PTO_02MP	2	0
PHO_02L0	2	2
PAU_03VG	2	92
TO2122P3XFYB	2	0
POU_00O0	2	0
PBE_036X	2	3
PEL_07UX	2	4
PBY_07IR	2	12
POU_03KQ	2	14
POU_03R6	2	10
EL613177C3B0	4	5
PHO_02SX	2	10
PBE_02F6	2	0
PEL_07KB	2	0
PTO_052B	2	2
PTO_010Y	2	0
PBY_0B0K	2	5
PBY_08EE	2	1
PTO_0448	2	9
POU_01UJ	2	3
PEL_07XP	2	2
PHO_0CEI	2	1
PHO_01HT	2	0
PBY_0BGJ	2	18
OU45344DJRKY	2	0
PBY_0CKK	2	9
PAU_00MQ	2	3
EL6131IGT2U8	4	9
PBE_000Y	2	7
PAU_05Q8	2	1
POU_03NV	2	0
PHO_04H8	2	0
PHO_0C61	2	0
PHO_0B9L	2	0
PBE_03NU	2	17
POU_027H	2	0
PEL_03L0	2	4
PHO_07XH	2	0
PHO_050F	2	15
PEL_0757	2	0
PEL_0359	2	0
PTO_03K9	2	6
PAU_02T7	2	20
PEL_02JX	2	6
PEL_07ZX	2	2
POU_02AA	2	8
PBE_05FP	2	9
POU_03QY	2	6
PBE_01SD	2	6
PEL_00V0	2	10
PTO_020B	2	7
POU_02XG	2	5
PUSHV1R0O734	2	10
PAU_03MG	2	15
PH212279845Q	2	2
PAU_03PH	2	10
PEL_0474	2	8
PEL_0095	2	4
PBE_05FO	2	2
PBY_0E36	2	23
PBY_02TI	2	2
PEL_08EL	2	1
PBY_04QJ	2	1
PEL_08NR	2	9
PTO_04WQ	2	5
PBY_0P1Q	2	13
PBY_0P1R	2	28
PBY_0Q5Y	2	0
PBY_0Q5Z	2	0
PBY_0Q60	2	0
PBY_0Q62	2	0
PBY_0Q63	2	0
PHO_08P0	2	0
PBY_0Q5G	2	0
PBY_0Q5H	2	0
PBY_0Q5K	2	0
PBY_0Q5L	2	0
PBY_0Q5N	2	0
PBY_0Q5R	2	0
PBY_0Q5S	2	0
PBY_0Q5T	2	0
PBY_0Q5V	2	0
PBY_0Q5X	2	0
PBY_0Q51	2	0
PBY_0Q52	2	1
PBY_0Q53	2	0
PBY_0Q54	2	0
PBY_0Q55	2	0
PBY_0Q56	2	0
PBY_0Q58	2	0
PBY_0Q5A	2	0
PBY_0Q5C	2	0
PBY_0Q5E	2	0
PBY_0Q4M	2	0
PBY_0Q4N	2	0
PBY_0Q4O	2	0
PBY_0Q4P	2	0
PBY_0Q4Q	2	0
PBY_0Q4S	2	0
PBY_0Q4T	2	0
PBY_0Q4U	2	0
PBY_0Q4W	2	0
PBY_0Q4Y	2	0
PBY_0Q4K	2	0
PBY_0Q4L	2	0
PBY_0PDD	2	32
PBY_0PDE	4	0
PBY_0PDG	4	34
PBY_0PGQ	4	0
PBY_0PGR	4	0
PBY_0PGS	4	0
PBY_0PGT	4	0
PBY_0PH0	4	0
PBY_0PH2	4	0
PBY_0PH4	4	0
PBY_0PH8	4	0
PBY_0PH9	4	0
PBY_0PQW	4	0
PBY_0PQY	4	0
PBY_0PQZ	4	0
PBY_0PR6	4	0
PBY_0PR7	4	0
PBY_0PR8	4	0
PBY_0PRB	4	0
PBY_0PRC	4	0
PBY_0PRD	4	0
PBY_0PRE	4	0
PBY_0PRF	4	0
PBY_0PRG	4	0
PBY_0PRH	4	0
PBY_0PRI	4	0
PBY_0PRK	4	0
PBY_0PS0	4	0
PBY_0PS4	4	0
PBY_0PTJ	4	0
PBY_0PTM	4	0
PBY_0PQR	4	0
PBY_0PPP	4	0
PBY_0PQQ	4	0
PBY_0PR3	4	0
PBY_09U8	2	2
PBY_0I7O	2	1
PBY_0ILI	2	0
PAU_06CX	2	3
PBY_0KDN	4	0
PBY_0PLG	4	0
PBY_0PLH	4	0
PBY_0PQT	4	0
PBY_0PQU	4	0
PBY_0PQV	4	0
PEL_08WC	2	1
PEL_04FA	2	0
PBY_0FLE	2	9
PHO_0GVT	2	10
PTO_070K	2	16
PEL_0C5D	4	20
PTO_05YR	2	9
PBY_0FJG	2	36
PBY_0HQ6	2	8
PEL_06RP	2	18
PEL_06AY	2	0
PHO_0DUJ	2	0
HO10700O8711	2	10
PBE_061Z	2	68
PEL_0AVS	2	10
PEL_004D	2	34
PEL_02OP	2	24
PHO_061L	2	8
PHO_0G1Z	2	8
PEL_038B	2	0
PEL_00LD	2	2
PBE_0A6L	2	0
PBE_0A6N	2	0
PBE_0A6M	2	0
PHO_0CVM	2	4
PHO_077I	2	16
PHO_05NA	2	12
FQ1TO_N40PA	4	0
PAU_042S	2	0
PHO_0BJG	2	0
PHO_04VQ	2	3
PHO_0GE6	2	7
PHO_0ACR	2	2
PHO_03I3	2	28
PHO_0B3E	2	6
PHO_0BXJ	2	4
FQ1TO_GX0BD	2	0
PBE_03DN	2	3
PBY_0CE7	2	11
PEL_08B9	2	9
PBY_0FDZ	2	4
POU_03KT	2	4
PTO_04YG	2	7
PHO_0HE8	2	12
POU_04I8	2	15
PBY_0EAZ	2	41
PHO_0GDD	2	11
PBY_0DIG	2	5
PBY_0C7P	2	27
PHO_06TD	2	47
PTO_0ENU	2	0
PBY_0CJD	2	5
PHO_0DH4	2	27
PHO_0DD6	2	0
PEL_04VP	2	4
PAU_062A	2	13
PTO_07X6	2	0
PST_01BI	2	0
PTO_00ZP	2	5
PHO_03OL	2	0
PHO_024M	2	10
POU_03D8	2	5
PEL_04LB	2	2
PEL_0DJR	2	0
PTO_05CC	2	16
PHO_07O8	2	14
HO10709W2HDP	2	2
PEL_073T	2	16
PTO_0D72	2	0
PBE_033V	4	67
PHO_0731	2	16
PEL_0BV4	2	0
PEL_0886	2	4
PTO_01XP	2	2
PHO_02O1	2	5
PHO_075S	2	0
FQ1TO_G0PSP	2	7
PHO_0AKE	2	11
PEL_01E7	2	0
PBE_06SJ	2	15
PAU_057Z	2	21
PHO_0BXI	2	5
PBY_0B9B	2	42
POU_0850	2	6
PTO_0BD2	2	11
PTO_06EY	2	8
PHO_0B6Q	2	0
ST107043W037	2	10
POU_05JP	2	11
PBY_0RG3	2	11
ST21229E6863	2	3
FQ1TO_5AYRT	2	6
POU_03MS	2	10
PEL_08V9	2	4
PTO_05EC	2	7
PHO_06N5	2	9
PHO_07OH	2	0
PHO_0DOX	2	4
PBY_09M3	2	5
PHO_07C1	2	10
PTO_07DM	2	0
PHO_07NU	2	1
PHO_0BKE	2	0
PBY_0DG3	2	8
POU_02MG	2	0
PTO_06F2	2	5
PHO_03WJ	2	5
PBY_0EC3	2	5
PBE_0667	4	0
PAU_03Y1	2	10
PBY_0J2W	2	4
PBY_0CH9	2	3
POU_02VQ	2	5
PBY_0679	2	18
PST_02G0	2	2
PEL_065R	2	5
PH10700207Y5	2	3
POU_0031	2	15
PCL_003F	2	4
PHO_0I0I	2	0
PBY_0LCZ	2	3
PHO_0I00	2	3
PHO_0FKY	2	12
PBY_0C8S	2	12
PTO_0CL6	2	0
PHO_00HY	2	0
PBY_0JWH	2	5
PTO_09HX	2	5
PEL_024M	2	2
PHO_0EJT	2	15
PEL_06O4	2	0
PBE_06UF	4	55
PEL_067B	2	3
PEL_0988	2	0
PHO_06EZ	2	5
PEL_03ZL	2	18
PEL_0B7Q	2	2
PHO_0G2O	2	26
PEL_0B55	2	10
PEL_028P	2	1
PAU_06CQ	2	7
PBE_032W	2	11
PEL_08GM	4	3
PEL_034I	2	3
PEL_089L	2	7
PEL_0C57	2	20
PHO_0C8T	2	5
PBY_0C8P	2	11
PHO_07WC	2	0
PBY_0FZT	4	3
PTO_075J	2	5
PBY_0HMC	2	26
PHO_0DWM	2	15
PBY_0G3U	2	4
POU_022C	2	0
PHO_0053	2	6
PHO_0GDQ	2	12
PBY_0IFW	2	17
PTO_095T	2	4
PBY_0B7H	2	1
PHO_05RA	2	3
PBY_0DO9	2	24
PTO_06RB	2	0
PHO_0FKX	2	2
PAU_01LJ	2	5
PBY_0PCV	2	3
PEL_0DV4	2	0
PBY_0C8J	2	32
PBY_0H31	2	4
PBY_0FAM	2	1
PHO_07E5	2	0
PAU_04DT	2	10
PEL_00N8	2	0
PHO_07QY	2	2
POU_04HG	2	6
PEL_074M	2	9
PHO_0DWB	2	12
PEL_05GV	2	0
PBE_07IE	2	3
PEL_020U	2	0
PEL_0645	2	17
PEL_09GO	2	27
PEL_0BAA	2	3
PEL_07RD	2	4
PBE_06B7	4	0
PEL_05EV	2	9
PAU_05O2	2	8
PEL_0433	2	2
PEL_08KD	4	5
PBE_09T3	2	3
PEL_023Q	2	9
PAU_03O2	2	22
PEL_06YA	2	4
PEL_0DIW	2	5
PEL_0C05	2	4
PEL_0CTG	2	0
PEL_0EYY	2	7
PEL_0A5N	2	9
PEL_09BQ	2	18
PAU_04V4	2	2
PEL_0CUV	2	62
PEL_0DDH	4	0
PEL_05J1	2	4
PEL_07IB	2	0
PEL_0A19	2	0
PEL_0DNP	2	3
PEL_0A3A	2	8
PHO_09XU	2	3
PEL_0A5Z	2	50
PEL_0489	2	45
PEL_05FU	2	1
PEL_0CFH	2	23
PAU_03B2	2	2
ST61360K5G8P	2	11
PEL_0FIX	2	4
PHO_0IJT	2	2
M00MBDHQ0000	2	23
PBE_0817	2	10
PEL_082R	2	32
PEL_03PB	2	3
PBE_09AS	2	2
PEL_062S	2	15
PEL_0476	2	0
PHO_00RM	2	16
PEL_08JF	4	1
PAU_064J	2	9
PHO_0A9V	2	7
PEL_0565	2	69
PBE_09E3	2	29
PEL_07JP	2	0
PBE_02X3	2	12
PEL_07P5	2	17
PEL_0BU5	2	0
PHO_0I7O	2	13
PEL_09MM	2	9
PEL_00N5	2	24
PEL_09BP	2	100
PAU_001V	2	37
PEL_013B	2	37
PEL_06L1	2	3
PEL_02KZ	2	0
PBE_00KX	2	21
PEL_04Q6	2	21
PHO_03E3	2	0
PEL_02EF	2	21
PEL_06LF	2	11
PHO_072P	2	27
PEL_028Y	2	53
PTO_07SC	4	31
PEL_09KS	2	8
PEL_07LO	2	7
PTO_03IJ	2	10
PEL_05UU	2	6
PHO_07JR	2	8
PEL_09L1	2	0
PEL_00KS	2	0
PEL_0A1H	2	8
PEL_0958	2	10
PEL_076U	2	6
PTO_0DCK	2	8
PEL_05CH	2	5
PEL_0DFZ	2	10
PEL_027R	2	6
PEL_00OT	2	1
PEL_06WG	2	5
PEL_09WC	2	11
PAU_02TA	2	4
PEL_0DLE	2	3
PST_01I3	2	0
PBE_01YO	2	3
PEL_07OZ	2	0
TO2122IPZW7A	2	20
PEL_00MY	2	0
PTO_02HQ	2	0
B02360BOWRY9	2	2
PHO_0524	2	0
PTO_08RZ	2	9
PBY_0AOC	2	2
PBE_09CI	2	1
PAU_03SH	2	2
POU_0086	2	2
PST_01DV	2	10
PEL_0DH8	2	3
PEL_0868	4	9
PH45340M1FQ1	2	4
PHO_09QI	2	9
PEL_0DYX	2	52
PEL_0865	2	6
PTO_06XV	4	22
FQ1TO_GQKQ4	2	0
PEL_031S	2	8
PAU_079W	2	0
PEL_07BA	2	7
PEL_06BH	2	19
PBE_09CC	2	9
PAU_06J2	2	4
PEL_09GN	2	20
PEL_04I5	2	24
PEL_085E	2	0
PHO_0AJP	2	25
EL6136323D47	2	0
PEL_04BI	2	45
PHO_0BRX	2	5
PHO_0EOL	2	3
PTO_038L	2	2
PHO_083F	2	5
PBY_09E2	2	58
PEL_035G	2	0
PHO_082Q	2	13
PEL_064A	2	19
PEL_0630	2	0
PHO_07VK	2	2
PTO_0B1E	2	383
PEL_05F0	2	4
PEL_0F5R	2	0
POU_07O3	2	7
PBE_093Q	2	3
PHO_02UL	2	0
PEL_028T	2	56
PTO_06R8	2	8
POU_009U	2	2
OU4534GD9RW4	4	4
PTO_02PO	2	15
POU_026T	2	9
PBY_0DCW	2	22
PBY_0AKQ	2	47
PCL_01GQ	2	113
PHO_0PGN	2	68
PCL_01GR	2	56
PHO_0PGT	2	119
PCL_01GP	2	56
PBE_0AMI	2	161
PHO_0PGD	2	203
PHO_0PGP	2	115
PHO_0PGO	2	108
PHO_0HJM	2	0
PEL_0EVG	2	6
PEL_06L7	2	0
PEL_0997	2	6
PAU_006E	2	5
PHO_08OW	2	19
PHO_0NZ7	2	4
PTO_054X	2	9
PEL_0AC3	2	30
PBE_06I3	2	3
PTO_096T	2	2
PHO_01B5	2	0
PTO_08Q8	2	5
PEL_067P	2	2
PHO_06V6	2	3
PBE_07FY	2	0
PAU_0853	2	4
PHO_0IBU	2	20
PBE_09FU	2	7
PTO_0DVB	2	5
PAU_00WC	2	0
PHO_0J2E	2	9
PAU_03BB	2	3
EL61314U5F4W	2	5
PHO_08W2	2	7
PHO_09EH	2	6
ST3841KWO015	2	5
PBE_01G9	4	39
PBE_0AST	2	10
PHO_0AT4	2	0
POU_08RM	2	0
POU_05QA	2	5
POU_07AY	2	1
PBY_0PCW	2	17
PBY_0RVH	2	5
PAU_02YC	2	3
PEL_09XN	2	0
PEL_0CDS	2	0
PAU_0649	2	4
PTO_0391	2	14
PAU_00CM	4	0
PAU_02JK	2	0
PBY_0F0S	2	1
PHO_05CC	2	0
PBE_009J	2	2
PTO_0F23	4	0
PEL_09Y3	2	0
PHO_0D2T	2	0
PBY_0JND	2	4
PHO_08G4	2	5
PHO_05EA	2	5
PHO_0FKB	2	7
POU_0545	2	0
PHO_0HGR	2	0
PTO_06HA	2	6
PTO_0552	2	2
PEL_0CNV	2	5
PBY_0HHJ	2	6
PBY_0GMN	2	4
PHO_0EJO	2	0
POU_06AW	2	0
POU_0294	2	1
POU_00FO	2	8
PBY_0RNH	2	41
PEL_0EUR	2	4
PEL_0FBB	2	0
PBY_0RNI	2	10
PBE_0AVB	2	191
PBY_0UO3	2	97
PBY_0UO0	2	59
PHO_0PVN	2	60
PHO_0PVM	2	45
PHO_0PVK	2	45
PHO_0PVI	2	1
PHO_0PVJ	2	48
POU_096M	2	30
PTO_0WAZ	2	156
PEL_0HCH	2	187
PHO_0PVL	2	40
PHO_0PVH	2	95
PTO_0WBY	2	34
PTO_0WC0	2	49
PTO_0WC1	2	24
HO10701XL407	2	4
PHO_0PV0	2	96
PTO_0WC3	2	36
PTO_0WBZ	2	241
PTO_0WBV	2	96
PHO_0OHI	2	10
POU_05CU	2	4
PTO_099P	2	4
PTO_0AGL	2	5
PHO_09EU	2	5
PHO_0DIS	2	4
PBE_0A66	2	0
FQZOL_QL9GY	2	0
PTO_0FHI	2	0
PTO_0W7W	2	5
PEL_0G7V	2	0
PEL_0HBG	2	2
PHO_0OUT	2	5
PTO_0FZE	2	5
PHO_05CH	2	1
PTO_0E0J	2	0
POU_07CN	2	4
PST_01W2	2	4
PBE_0AE7	4	0
PTO_0C1A	4	0
PEL_06QD	4	1
PHO_05CS	4	0
PEL_09II	4	7
PEL_09IA	4	0
PEL_0AZ8	4	0
PEL_07MP	4	0
PEL_04QE	4	0
NULL	2	NULL
PBY_0PFG	4	0
PBY_0PFH	4	0
PBY_0PFI	4	0
PBY_0PIU	4	0
PBY_0PHF	4	0
PBY_0PHG	4	0
PBY_0PHY	4	0
PBY_0PII	4	0
PBY_0PI6	4	0
PBY_0PHZ	4	0
PBY_0PIL	4	0
PBY_0PIM	4	0
PBY_0PIW	4	0
PBY_0PIV	4	0
PBY_0PLF	4	0
PBY_0PJ0	4	0
PBY_0PIZ	4	0
PBY_0PIY	4	0
PBY_0PIX	4	0
PBY_0PH5	4	0
PBY_0PGV	4	0
PBY_0PGK	4	0
PBY_0PH7	4	0
PBY_0PLE	4	0
PBY_0PGO	4	0
PBY_0PHC	4	0
PBY_0PFK	4	0
PBY_0PPQ	4	0
PBY_0PPR	4	0
PBY_0PS3	4	0
PBY_0PRL	4	0
PBY_0PRQ	4	0
PBY_0PRR	4	0
PBE_04FG	4	0
